Entity,Type,Superclass(es),http://webprotege.stanford.edu/R1KeSqgkPTyRcG886lrbUV,http://webprotege.stanford.edu/R7Ume6nbD3nCsK9uQxzFzqn,http://webprotege.stanford.edu/R8gSWkrJt4Oi7mJyukqPwUr,http://webprotege.stanford.edu/R8hd38It4EwgS5tadFZisyo,http://webprotege.stanford.edu/R8npyK3jhgTLxOFUUnlPb1R,http://webprotege.stanford.edu/R8seznRZOQ7ucZWqg4ZcBo,http://webprotege.stanford.edu/R8wrVa1FELDU7xPVJg9L7qo,http://webprotege.stanford.edu/R9EUviJVauo2GccF6NhpsTQ,http://webprotege.stanford.edu/R9EVWcg2If2o2z1OON7ClOs,http://webprotege.stanford.edu/R9eUqyxS3MG4MMcztNvWvus,http://webprotege.stanford.edu/R9ufdORBRlk0t8r1DeJmWyN,http://webprotege.stanford.edu/R9ygyqQhylsCB24oIuFo9SD,http://webprotege.stanford.edu/RB3biMfJfE4Qqp6S0p4ySZw,http://webprotege.stanford.edu/RBln93TmrUlyMmcwTUtcKFQ,http://webprotege.stanford.edu/RBnp6svA27U7MhmmUfqqba8,http://webprotege.stanford.edu/RBzddgoxsuMsP8Lxl5uRItu,http://webprotege.stanford.edu/RCRuRWaatvgIBU2X1s8iZE5,http://webprotege.stanford.edu/RCTOahHMbElfTTbe0tCzZZq,http://webprotege.stanford.edu/RClebvVhGV63yBCxY2IPmfD,http://webprotege.stanford.edu/RCvvzp7qXpPjLiEZAfaB1Jg,http://webprotege.stanford.edu/RDCE1kFeQyGtHTCHZmbp1TU,http://webprotege.stanford.edu/RDFtorvArpJcN3JrkZIQL8,http://webprotege.stanford.edu/RDRN02o7ZVqRJJCB8sd1JM6,http://webprotege.stanford.edu/RDUaT1Kq6b3RTxp3jalu2Of,http://webprotege.stanford.edu/RDWv8cO5s3pR6D6UsP8B3xI,http://webprotege.stanford.edu/RDbCdEC91IAZ073mpESpA0n,http://webprotege.stanford.edu/RDkbXp4CFc8KNmKhwgn0pK,http://webprotege.stanford.edu/RWyfBeblWPLDgnxOKnzwqg,http://webprotege.stanford.edu/Rc1XISlOto3odpw7uSLZdV,http://webprotege.stanford.edu/RhDBlnGQWw645r4yPacRxv,http://webprotege.stanford.edu/RtQBQnYbOQYWiRyJfcplwo,http://webprotege.stanford.edu/RvPmUdunq5zLodeKRhFC4Y,http://webprotege.stanford.edu/%D0%A1%D0%BE%D1%81%D1%82%D0%BE%D0%B8%D1%82%D0%98%D0%B7,http://webprotege.stanford.edu/%D0%AF%D0%B2%D0%BB%D1%8F%D0%B5%D1%82%D1%81%D1%8F,http://www.w3.org/2002/07/owl#topObjectProperty,http://webprotege.stanford.edu/R0YZ8pSU8vfq9dGwLGa2i6,http://webprotege.stanford.edu/R1MlhkA37gggg2Et40iq0T,http://webprotege.stanford.edu/R3lyCTDuvH5CnLOzfXCuVq,http://webprotege.stanford.edu/R4WLYEVXHMl4SYWYABQmI,http://webprotege.stanford.edu/R4n9jvBiTQnpSRHfzPW3wm,http://webprotege.stanford.edu/R6mrqQJDcolbVvmcBOeNfy,http://webprotege.stanford.edu/R73u0ALy3JPBT9cSaOMRsNj,http://webprotege.stanford.edu/R74BMdpheTcYFOcBcsRfB4J,http://webprotege.stanford.edu/R74qQEhzr844Izr0l59LsJ,http://webprotege.stanford.edu/R7A4iYZ52WzeVrUehfA8FJ7,http://webprotege.stanford.edu/R7AaWUGqLwTDB0aWlua0IYT,http://webprotege.stanford.edu/R7IDB7u3pu1h8mOu78VL2re,http://webprotege.stanford.edu/R7IVkrEu0AWNDTU4pveXvFO,http://webprotege.stanford.edu/R7KwLMRoCVd2ZgqHtxYShj2,http://webprotege.stanford.edu/R7OJxJMnEfTixJB4I0K6JpE,http://webprotege.stanford.edu/R7QOWkMBN88cVIWOH3knoMW,http://webprotege.stanford.edu/R7RK8pMeAiFmngFvl1GayVC,http://webprotege.stanford.edu/R7Rquma1kSBxAcWtSfhWrHj,http://webprotege.stanford.edu/R7RvaHgTkFYvG3IroasOr2X,http://webprotege.stanford.edu/R7Zmd6BuwtfQss1GJzbOlvD,http://webprotege.stanford.edu/R7b1Cd6HiBOyx2FZ1xhIy1W,http://webprotege.stanford.edu/R7d3yYvcPDtywXuvUTXKIrg,http://webprotege.stanford.edu/R7duRz5tj9UVIRnzrkE8FA9,http://webprotege.stanford.edu/R7dyn4zxsivtaPBBlGtVSLQ,http://webprotege.stanford.edu/R7eqQ5UDfAyT0RAFPB736W0,http://webprotege.stanford.edu/R7hrdS76sl76izRwuhrUiD2,http://webprotege.stanford.edu/R7nAfLER11JosUJ5PUFA0hz,http://webprotege.stanford.edu/R7oB3BozgHkrWMICRnSZ7BA,http://webprotege.stanford.edu/R7pJuRzIP2XPbkTmubGMuud,http://webprotege.stanford.edu/R7sHeYAMx4C61Xn70xScMic,http://webprotege.stanford.edu/R7sO3C6K6dA3e6O2rmoH6NL,http://webprotege.stanford.edu/R7tWsquKpN31qvaN0VhfXQ3,http://webprotege.stanford.edu/R7tzzmtwku9QFgmBRgjwl9q,http://webprotege.stanford.edu/R7v6Xzev0ZT3dCY4xNVbfai,http://webprotege.stanford.edu/R82MrBb8Gb99qxnGOzGY6x8,http://webprotege.stanford.edu/R84laHtToFFuG6zqqkLCQi4,http://webprotege.stanford.edu/R85r3RSmbATTDUiWN58FZDU,http://webprotege.stanford.edu/R8CZQk2SCTGFV9GFvt3JZnp,http://webprotege.stanford.edu/R8IhJmAd0mIkxCp4RsxQxjr,http://webprotege.stanford.edu/R8L4olTUJukz8fdcbYKQFMI,http://webprotege.stanford.edu/R8OxegWmc0N44mvvlSjUP2h,http://webprotege.stanford.edu/R8TSfIPHMBRP4oDGZ4pZqZC,http://webprotege.stanford.edu/R8dLzFw3njx7IsGQl776hO3,http://webprotege.stanford.edu/R8oPeleH1U3FxTYCMkvDfS1,http://webprotege.stanford.edu/R8vAGNvbSECtxnrrnzzJN6I,http://webprotege.stanford.edu/R8wAU7sECmBKUwCzz9V5IGv,http://webprotege.stanford.edu/R8xjwbKBlu4ohXMvp7ot78E,http://webprotege.stanford.edu/R8xqPrYYu6NrM9usx5nSw0X,http://webprotege.stanford.edu/R92Ek9cI8rZ8MPaFjsPdRzX,http://webprotege.stanford.edu/R95shlKarJP4jmDQV54EHSY,http://webprotege.stanford.edu/R96e4zI16GaeWsVC8BkFrVI,http://webprotege.stanford.edu/R99TpcircY745uRryAs771w,http://webprotege.stanford.edu/R9FCy5v6m9QLWAf17AhCLer,http://webprotege.stanford.edu/R9V9lCMOyJF4SV2FGPvmVHW,http://webprotege.stanford.edu/R9VipAGyrUuZJBuYJc18FIY,http://webprotege.stanford.edu/R9XA3ixZdlSdJmMiUDzw2xj,http://webprotege.stanford.edu/R9cDUN6HiYMgsIrG47UUjnD,http://webprotege.stanford.edu/R9eiICJSY66HrJv3CQqVCbU,http://webprotege.stanford.edu/R9fggdX8oHPNbn8r9asszz,http://webprotege.stanford.edu/R9gr1y9npgpDKcb25dYHAXQ,http://webprotege.stanford.edu/R9i9vTmFMzemKkUdMi5TUg3,http://webprotege.stanford.edu/R9lzvEepX8Sjv9TxltYVmt0,http://webprotege.stanford.edu/R9mGxqVcFg4OpM7RCjqBtH3,http://webprotege.stanford.edu/R9qmyDFjqblGhiylCelzNoJ,http://webprotege.stanford.edu/R9wswClHKfC1ulfyD0sixGb,http://webprotege.stanford.edu/RB3puiPi1Upz0ldLHZ525Yq,http://webprotege.stanford.edu/RB5TBdo9OoFUcqR6oWIKxX5,http://webprotege.stanford.edu/RB5f7mmP6zzBAniBtaz0MD4,http://webprotege.stanford.edu/RB795TcBVSImgKzaGx6MpFM,http://webprotege.stanford.edu/RB9JVZl3YZ7jA7PbdQQMz6q,http://webprotege.stanford.edu/RBB2gNm4rGybMRGx4LFytUP,http://webprotege.stanford.edu/RBFWiS3v17SuCtOXr13OZnQ,http://webprotege.stanford.edu/RBIi1EFNGqIlyXrdC48RTTy,http://webprotege.stanford.edu/RBJkUMmAm026uajhi6lANaQ,http://webprotege.stanford.edu/RBOoUTIfODAB57zfpZvleOi,http://webprotege.stanford.edu/RBS2nyRAwue2kiAuUo1ifU,http://webprotege.stanford.edu/RBTiRp5eSiiwmMYoSn9SqQx,http://webprotege.stanford.edu/RBZlqwSO2t1NzTy1nzGXa0G,http://webprotege.stanford.edu/RBat5gDwEo5pGlsOM2yGZlO,http://webprotege.stanford.edu/RBcp7jugHVNCpLSZvTkRN7h,http://webprotege.stanford.edu/RBdXieOd7FlHExNAVdrybUp,http://webprotege.stanford.edu/RBebz3PyrsSPtPkwrzVOnd8,http://webprotege.stanford.edu/RBgxyCbpkX7nsQxFeinRCgo,http://webprotege.stanford.edu/RBjQ1wccjpQTU0AAHqgiafL,http://webprotege.stanford.edu/RBlBmvwHVVlQM9utIgwG3BN,http://webprotege.stanford.edu/RBllPUaXHzFXLDfGuHhxTVz,http://webprotege.stanford.edu/RBwNSpNBgeIc4oZH3BVf6kt,http://webprotege.stanford.edu/RC0cyJS4OEYOnLnoR4cnVfs,http://webprotege.stanford.edu/RC578r0hbkELtvTfCoJAJvd,http://webprotege.stanford.edu/RCEW3KccBsoBtAfAxBdWFze,http://webprotege.stanford.edu/RCFifnUH9v7w9qYBk7OQknA,http://webprotege.stanford.edu/RCJHpjHMFNRxv08uzVbUjiK,http://webprotege.stanford.edu/RCJrKDd8AYwNHcYhthaj6hg,http://webprotege.stanford.edu/RCOskNeNlRFLDoLnuuxKHDS,http://webprotege.stanford.edu/RCZZfUFUfqbUbWqRelGqNCq,http://webprotege.stanford.edu/RCfo8I1htww3y0sl2rakgBB,http://webprotege.stanford.edu/RChM1gfj5WkHR2KVvPlu7Ot,http://webprotege.stanford.edu/RCjGznZ3h81aL8JzezopDWF,http://webprotege.stanford.edu/RClkEPZ4oSbqhncZOQs2cI0,http://webprotege.stanford.edu/RCnOtL8ThIGoYsuxwj5jCwT,http://webprotege.stanford.edu/RCnUM3SCQX9HraDcokMbiRk,http://webprotege.stanford.edu/RCoZ7nOTte5I5OzDZ4SGw5V,http://webprotege.stanford.edu/RCr4ptRf2xuLao5wj8djiKu,http://webprotege.stanford.edu/RCwilszzK8CdRq8C7sKMnP0,http://webprotege.stanford.edu/RCxxaYCjNvlvjDKLK2UKyzx,http://webprotege.stanford.edu/RDBPDSnTTbKqoOKqyoLTdHO,http://webprotege.stanford.edu/RDEfkL98s1tIFgyLMZTnM3W,http://webprotege.stanford.edu/RDF4dQskX9anWL6jyvXv3nA,http://webprotege.stanford.edu/RDKgdXeQUbRRJPiRdKA8mjV,http://webprotege.stanford.edu/RDMp3vZDwACx4veHfWsaP4k,http://webprotege.stanford.edu/RDRJu5N7yrIk2h5lKviBV5v,http://webprotege.stanford.edu/RDW8MUi46Ejineti6jbPomR,http://webprotege.stanford.edu/RDlbycmKNKRd8r1irMmhSkV,http://webprotege.stanford.edu/RDnLhx6RRsKMAQDs20hTr5b,http://webprotege.stanford.edu/RDnSiDP1f6CQiqTWaqy8NJP,http://webprotege.stanford.edu/RDvphht4eH43VyKdGo1WIpO,http://webprotege.stanford.edu/RDwQVNYS5DZAyoxlORhw7El,http://webprotege.stanford.edu/RDyqNd34MwjeF440Gy2sIei,http://webprotege.stanford.edu/RDyxsGhwtUqRNyOlbIBPXNw,http://webprotege.stanford.edu/RGSboCzHwLSkM2JVXnVbbl,http://webprotege.stanford.edu/RGp6hmHdJwAL027r7JTkx8,http://webprotege.stanford.edu/RHc8n67tZmBvYVUkKHFjWC,http://webprotege.stanford.edu/RKLKx4rnFVD9rZKrtu6aaU,http://webprotege.stanford.edu/RLn7et6wFlj3LdnlUrvhQt,http://webprotege.stanford.edu/RPnYsFbwi8zdrTJRjjxzNI,http://webprotege.stanford.edu/RQeQtSUrTAY0kqbYYTX7xD,http://webprotege.stanford.edu/RSqwNlMwTM9RQ38vtjxoAS,http://webprotege.stanford.edu/RUwnbcYkYs0mLUaVACIZ7Z,http://webprotege.stanford.edu/RVyUcDR5nb3AdXpio7UpUE,http://webprotege.stanford.edu/RW393LU77szIP04uA3e6Oe,http://webprotege.stanford.edu/RW4mOKq5xwFlpBQLL9pa8j,http://webprotege.stanford.edu/RYj2KrDO5UxFOPbx4wTXcw,http://webprotege.stanford.edu/RaYKASMVrU1H3hCBt5uxl3,http://webprotege.stanford.edu/Rax9AL58law2laXWilCYj0,http://webprotege.stanford.edu/RbciZsIShmVVcdwiJO7Jh1,http://webprotege.stanford.edu/Rd2wNffTB7MLJM1pIzYOh6,http://webprotege.stanford.edu/Rg0E6LCCfyznSFOJi3jerK,http://webprotege.stanford.edu/RgkxhTcuSZy6JLwl80KkY3,http://webprotege.stanford.edu/RhvAtp3xWDa4FMtl5DZAs0,http://webprotege.stanford.edu/RihVsIBnDy6G7MHa31nnE3,http://webprotege.stanford.edu/Rj2Ru2MonRQiycBiXG2I0p,http://webprotege.stanford.edu/Rjg2wrCWtoR7bkidPKqy84,http://webprotege.stanford.edu/RlLLaYXl8xd4CwP6Cskyfc,http://webprotege.stanford.edu/Rmbh7qvwj5886JcxgWKiIs,http://webprotege.stanford.edu/Rp2coFGHhbcGC55SCqi1nq,http://webprotege.stanford.edu/RpHtQcQyaPwyEdvQTbY1HI,http://webprotege.stanford.edu/RqC3nwAIzmd3uZSVFvGCQm,http://webprotege.stanford.edu/RqW2xANp9UZdbRAUm9RvU3,http://webprotege.stanford.edu/RvCY8I5H9yz9BbkzBQMo0o,http://webprotege.stanford.edu/RwyN6Jo97WUhzZVC476ANs,http://webprotege.stanford.edu/Ryw5U2lBZtWC0ZuiAgV6ie,http://webprotege.stanford.edu/RzXYeOo0E6dGl9yLpm8nIh,http://www.w3.org/2002/07/owl#topDataProperty,http://webprotege.stanford.edu/RBi6WWqx8Ai8CfmHA1AbF3E,http://webprotege.stanford.edu/RCUhLPfEPL5YNaT2spdLOpb,http://www.w3.org/2000/01/rdf-schema#label,
http://webprotege.stanford.edu/R2oeaZyOXXPMzq1AtwLnAC,Class,http://webprotege.stanford.edu/%D0%9E%D0%B1%D1%8A%D0%B5%D0%BA%D1%82,,,,,,,,,,,,,,,,,,,,,,,,,,,,,,,,,,,,,,,,,,,,,,,,,,,,,,,,,,,,,,,,,,,,,,,,,,,,,,,,,,,,,,,,,,,,,,,,,,,,,,,,,,,,,,,,,,,,,,,,,,,,,,,,,,,,,,,,,,,,,,,,,,,,,,,,,,,,,,,,,,,,,,,,,,,,,,,,,,,,,,,,,,,,,"'Совокупность всех жилых помещений, находящихся на территории Российской Федерации..'","''Жилищный кодекс Российской Федерации' от 29.12.2004 N 188-ФЗ
(ред. от 06.02.2020)'","'ЖилищныйФонд'",
http://webprotege.stanford.edu/R76EPrUqEnBQgkUzHLPx6W,Class,http://webprotege.stanford.edu/R7Y7rSZHLMJJHBbrs2DIKUx,,,,,,,,,,,,,,,,,,,,,,,,,,,,,,,,,,,,,,,,,,,,,,,,,,,,,,,,,,,,,,,,,,,,,,,,,,,,,,,,,,,,,,,,,,,,,,,,,,,,,,,,,,,,,,,,,,,,,,,,,,,,,,,,,,,,,,,,,,,,,,,,,,,,,,,,,,,,,,,,,,,,,,,,,,,,,,,,,,,,,,,,,,,,,"'Жилой дом, в котором квартиры имеют общие внеквартирные помещения и инженерные системы..'","'Методическое пособие по содержанию и ремонту жилищного фонда. МДК 2-04.2004
(утв. Госстроем России)'","'МногоквартирныйЖилойДом'",
http://webprotege.stanford.edu/R7IkdeX9mkmhlp5KREu4ItW,Class,http://webprotege.stanford.edu/%D0%A1%D1%83%D0%B1%D1%8A%D0%B5%D0%BA%D1%82%D0%9F%D1%80%D0%B0%D0%B2%D0%B0,,"'RPtbga8P9x3I3xB2B31FJ4'	'RDK6PsME9gz9kUub5o5LL52'",,,,,,,,,,,,,,,,,,,,,,,,,,,,,,,,,,,,,,,,,,,,,,,,,,,,,,,,,,,,,,,,,,,,,,,,,,,,,,,,,,,,,,,,,,,,,,,,,,,,,,,,,,,,,,,,,,,,,,,,,,,,,,,,,,,,,,,,,,,,,,,,,,,,,,,,,,,,,,,,,,,,,,,,,,,,,,,,,,,,,,,,,,,,,"'ГосударственноеОбразование'",
http://webprotege.stanford.edu/R7MFZy3rEWNDVSSdu8zdyMu,Class,http://webprotege.stanford.edu/%D0%9E%D0%B1%D1%8A%D0%B5%D0%BA%D1%82,,,,,,,,,,,,,,,,,,,,,,,,,,,,,,,,,,,,,,,,,,,,,,,,,,,,,,,,,,,,,,,,,,,,,,,,,,,,,,,,,,,,,,,,,,,,,,,,,,,,,,,,,,,,,,,,,,,,,,,,,,,,,,,,,,,,,,,,,,,,,,,,,,,,,,,,,,,,,,,,,,,,,,,,,,,,,,,,,,,,,,,,,,,,,"'Земельные участки, участки недр, обособленные водные объекты и все, что прочно связано с землей, то есть объекты, перемещение которых без несоразмерного ущерба их назначению невозможно, в том числе леса, многолетние насаждения, здания, сооружения, трубопроводы, линии электропередачи, космические объекты, а также предприятия как имущественные комплексы;'","'Протокол между Правительством Российской Федерации и Правительством Республики Беларусь от 23.03.2007 'О порядке взимания косвенных налогов при выполнении работ, оказании услуг''","'НедвижимоеИмущество'",
http://webprotege.stanford.edu/R7Y7rSZHLMJJHBbrs2DIKUx,Class,http://webprotege.stanford.edu/R7pO8Z9Ofm279nPLH5egl2n,,,,,,,,,,,,,,,,,,,,,,,,,,,,,,"'R2oeaZyOXXPMzq1AtwLnAC'",,,,,,,,,,,,,,,,,,,,,,,,,,,,,,,,,,,,,,,,,,,,,,,,,,,,,,,,,,,,,,,,,,,,,,,,,,,,,,,,,,,,,,,,,,,,,,,,,,,,,,,,,,,,,,,,,,,,,,,,,,,,,,,,,,,,,,,,,,,,,,,,,,,,,,,,,,,,,,,"'признается индивидуально-определенное здание, которое состоит из комнат, а также помещений вспомогательного использования, предназначенных для удовлетворения гражданами бытовых и иных нужд, связанных с их проживанием в таком здании'","'Жилищный кодекс Российской Федерации' от 29.12.2004 N 188-ФЗ (ред. от 06.02.2020)'","'ЖилойДом'",
http://webprotege.stanford.edu/R7d5LnRHwJnxD7gA8rc6KZS,Class,http://webprotege.stanford.edu/%D0%9F%D1%80%D0%BE%D0%B5%D0%BA%D1%82,,,,,,,,,,,,,,,,,,,,,,,,,,,,,,,,,,,,,,,,,,,,,,,,,,,,,,,,,,,,,,,,,,,,,,,,,,,,,,,,,,,,,,,,,,,,,,,,,,,,,,,,,,,,,,,,,,,,,,,,,,,,,,,,,,,,,,,,,,,,,,,,,,,,,,,,,,,,,,,,,,,,,,,,,,,,,,,,,,,,,,,,,,,,,"'Под проектом создания комфортной городской среды понимается комплекс мероприятий по благоустройству одной или нескольких взаимосвязанных территорий общего пользования муниципальных образований различного функционального назначения (площадей, набережных, улиц, пешеходных зон, скверов, парков, иных территорий), направленных на улучшение архитектурного облика поселений, повышение уровня санитарно-эпидемиологического и экологического благополучия жителей в малых городах и исторических поселениях, в том числе мероприятий по созданию и восстановлению дорожных покрытий, озеленению, созданию и размещению малых архитектурных форм, восстановлению или улучшению фасадов, созданию инфраструктуры, обслуживающей общественное пространство.'","'Постановление Правительства РФ от 07.03.2018 N 237 (ред. от 29.01.2020)
'Об утверждении Правил предоставления средств государственной поддержки из федерального бюджета бюджетам субъектов Российской Федерации для поощрения муниципальных образований - победителей Всероссийского конкурса лучших проектов создания комфортной городской среды''","'ПроектСозданияКомфортнойГородскойСреды'",
http://webprotege.stanford.edu/R7pO8Z9Ofm279nPLH5egl2n,Class,http://webprotege.stanford.edu/R7MFZy3rEWNDVSSdu8zdyMu,,,,,,,,,,,,,,,,,,,"'R80TnQlIRInhKIyAVIC6VfI'",,,,,"'RmnKbFKm7KHfzvFrSCsMZq'	'RCmTCXPMLjdLpFtuxPFGYta'	'RBGpeOW93OqEzlKJMTikdmw'",,,,,,,,,,,,,,,,,,,,,,,,,,,,,,,,,,,,,,,,,,,,,,,,,,,,,,,,,,,,,,,,,,,,,,,,,,,,,,,,,,,,,,,,,,,,,,,,,,,,,,,,,,,,,,,,,,,,,,,,,,,,,,,,,,,,,,,,,,,,,,,,,,,,,,,,,,,,,,,,,,,,,"'здание, предназначенное для постоянного проживания или временного пребывания людей в зависимости от функционального назначения и для выполнения различного вида производственных процессов'","'Приказ Росстата от 13.04.2009 N 61 (ред. от 30.04.2009) 'Об утверждении переписных документов Всероссийской переписи населения 2010 года' (вместе с 'Инструкцией по составлению списков домов в городских и сельских населенных пунктах и организационных планов проведения Всероссийской переписи населения 2010 года для территориальных органов Росстата', 'Инструкцией по составлению списков домов в городских и сельских населенных пунктах для регистратора', 'Инструкцией по составлению организационного плана проведения Всероссийской переписи населения 2010 года в районе, городе', 'Инструкцией по эксплуатации подсистемы подготовки к проведению Всероссийской переписи населения 2010 года для составления списков домов и оргпланов')'","'Дом'",
http://webprotege.stanford.edu/R80TnQlIRInhKIyAVIC6VfI,Class,http://webprotege.stanford.edu/RBJoP95H8qRAGE031cRNcQ3,,,,,,,,,,,,,,,,,,,,,,,,,,,,,,,,,,,,,,,,,,,,,,,,,,,,,,,,,,,,,,,,,,,,,,,,,,,,,,,,,,,,,,,,,,,,,,,,,,,,,,,,,,,,,,,,,,,,,,,,,,,,,,,,,,,,,,,,,,,,,,,,,,,,,,,,,,,,,,,,,,,,,,,,,,,,,,,,,,,,,,,,,,,,,"'документ, устанавливающий требования к объектам стандартизации, обязательный для исполнения в определ. областях деятельности, разработанный в установл. порядке и утверждённый компетентным органом.'","'Большой энциклопедический политехнический словарь'","'НормативноТехническийДокумент'",
http://webprotege.stanford.edu/R8Dw3zLwAic6hYzPn7ryaVL,Class,http://webprotege.stanford.edu/RD0MhpOsEiNDh4PqXtGEAi4,,,,,,,,,,,,,,,,,,,,,,,,,,,,,,,,,,,,,,,,,,,,,,,,,,,,,,,,,,,,,,,,,,,,,,,,,,,,,,,,,,,,,,,,,,,,,,,,,,,,,,,,,,,,,,,,,,,,,,,,,,,,,,,,,,,,,,,,,,,,,,,,,,,,,,,,,,,,,,,,,,,,,,,,,,,,,,,,,,,,,,,,,,,,,"'свободные от транспорта территории общего пользования, в том числе пешеходные зоны, площади, улицы, скверы, бульвары, а также наземные, подземные, надземные части зданий и сооружений (галереи, пассажи, атриумы и другие), специально предназначенные для использования неограниченным кругом лиц в целях досуга, проведения массовых мероприятий, организации пешеходных потоков на территориях объектов массового посещения общественного, делового назначения, объектов пассажирского транспорта..'","'Закон г. Москвы от 27.04.2005 N 14 'О Генеральном плане города Москвы (основные направления градостроительного развития города Москвы)''","'ОбщественноеПространство'",
http://webprotege.stanford.edu/R8aGcLZPGHgH3uxB0KslN9E,Class,http://webprotege.stanford.edu/%D0%A4%D0%B8%D0%B7%D0%B8%D1%87%D0%B5%D1%81%D0%BA%D0%BE%D0%B5%D0%9B%D0%B8%D1%86%D0%BE,,,,,,,,,,,,,,,,,,,,,,,"'R9gdNT1YH0LvIXYoX0eAAM2'",,"'RCo6FeeIzo5Sj30ve2O6GUl'",,,,,,,,,,,,,,,,,,,,,,,,,,,,,,,,,,,,,,,,,,,,,,,,,,,,,,,,,,,,,,,,,,,,,,,,,,,,,,,,,,,,,,,,,,,,,,,,,,,,,,,,,,,,,,,,,,,,,,,,,,,,,,,,,,,,,,,,,,,,,,,,,,,,,,,,,,,,,,,,,,,,"'физические лица, зарегистрированные в установленном порядке и осуществляющие предпринимательскую деятельность без образования юридического лица, главы крестьянских (фермерских) хозяйств. Физические лица, осуществляющие предпринимательскую деятельность без образования юридического лица, но не зарегистрировавшиеся в качестве индивидуальных предпринимателей в нарушение требований гражданского законодательства Российской Федерации, при исполнении обязанностей, возложенных на них настоящим Кодексом, не вправе ссылаться на то, что они не являются индивидуальными предпринимателями;'","''Налоговый кодекс Российской Федерации (часть первая)' от 31.07.1998 N 146-ФЗ (ред. от 27.12.2019) (с изм. и доп., вступ. в силу с 01.01.2020)'","'ИндивидуальныйПредприниматель'",
http://webprotege.stanford.edu/R8stQtvnBdQN6naAKGNfzYf,Class,http://webprotege.stanford.edu/%D0%A4%D0%B8%D0%B7%D0%B8%D1%87%D0%B5%D1%81%D0%BA%D0%BE%D0%B5%D0%9B%D0%B8%D1%86%D0%BE,,,,,"'R9uwzBgmfxZEZxWsOAG5qJ5'",,,,,,,,,,,,,,,,,,,,,,,,,,,,,,,,,,,,,,,,,,,,,,,,,,,,,,,,,,,,,,,,,,,,,,,,,,,,,,,,,,,,,,,,,,,,,,,,,,,,,,,,,,,,,,,,,,,,,,,,,,,,,,,,,,,,,,,,,,,,,,,,,,,,,,,,,,,,,,,,,,,,,,,,,,,,,,,,,,,,,,,,"'Физическое лицо, которое имеет медицинское или иное образование, работает в медицинской организации и в трудовые (должностные) обязанности которого входит осуществление медицинской деятельности, либо физическое лицо, которое является индивидуальным предпринимателем, непосредственно осуществляющим медицинскую деятельность'","'Федеральный закон от 21.11.2011 N 323-ФЗ (ред. от 27.12.2019, с изм. от 13.01.2020) 'Об основах охраны здоровья граждан в Российской Федерации' (с изм. и доп., вступ. в силу с 08.01.2020)'","'МедицинскийРаботник'",
http://webprotege.stanford.edu/R94NpgB1dQ9y7CuzrdkKxpC,Class,http://webprotege.stanford.edu/RBJoP95H8qRAGE031cRNcQ3,,,,,,,,,,,,,,,,,,,,,,,,,,,,,,,,,,,,,,,,,,,,,,,,,,,,,,,,,,,,,,,,,,,,,,,,,,,,,,,,,,,,,,,,,,,,,,,,,,,,,,,,,,,,,,,,,,,,,,,,,,,,,,,,,,,,,,,,,,,,,,,,,,,,,,,,,,,,,,,,,,,,,,,,,,,,,,,,,,,,,,,,,,,,,"'Договором признается соглашение двух или нескольких лиц об установлении, изменении или прекращении гражданских прав и обязанностей.'","'Гражданский кодекс Российской Федерации (часть первая)' от 30.11.1994 N 51-ФЗ (ред. от 16.12.2019)'","'Договор'",
http://webprotege.stanford.edu/R9ArsEdZXOQ5j3YTsPGarrp,Class,http://webprotege.stanford.edu/%D0%AE%D1%80%D0%B8%D0%B4%D0%B8%D1%87%D0%B5%D1%81%D0%BA%D0%BE%D0%B5%D0%9B%D0%B8%D1%86%D0%BE,,,,,,,,,,,,,,,,,,,,,,,,"'Rfd3BlKuRt5CcQFc0N0Xj1'	'R8stQtvnBdQN6naAKGNfzYf'",,,,,"'R9rlNEbq85Nr0s0quJA9Kc7'",,,,,,,,,,,,,,,,,,,,,,,,,,,,,,,,,,,,,,,,,,,,,,,,,,,,,,,,,,,,,,,,,,,,,,,,,,,,,,,,,,,,,,,,,,,,,,,,,,,,,,,,,,,,,,,,,,,,,,,,,,,,,,,,,,,,,,,,,,,,,,,,,,,,,,,,,,,,,,,,"'Юридическое лицо независимо от организационно-правовой формы, осуществляющее в качестве основного (уставного) вида деятельности медицинскую деятельность на основании лицензии, выданной в порядке, установленном законодательством Российской Федерации о лицензировании отдельных видов деятельности.'","'Федеральный закон от 21.11.2011 N 323-ФЗ (ред. от 01.04.2020) 'Об основах охраны здоровья граждан в Российской Федерации''","'МедицинскаяОрганизация'",
http://webprotege.stanford.edu/R9SuoyuwtS7E4X5GAY2fqUW,Class,http://webprotege.stanford.edu/%D0%9E%D0%B1%D1%8A%D0%B5%D0%BA%D1%82,,,,,,,,,,,,,,,,,,,,,,,,,,,,,,,,,,,,,,,,,,,,,,,,,,,,,,,,,,,,,,,,,,,,,,,,,,,,,,,,,,,,,,,,,,,,,,,,,,,,,,,,,,,,,,,,,,,,,,,,,,,,,,,,,,,,,,,,,,,,,,,,,,,,,,,,,,,,,,,,,,,,,,,,,,,,,,,,,,,,,,,,,,,,,"'Возникающее в связи с воздействием патогенных факторов нарушение деятельности организма, работоспособности, способности адаптироваться к изменяющимся условиям внешней и внутренней среды при одновременном изменении защитно-компенсаторных и защитно-приспособительных реакций и механизмов организма'","'Федеральный закон от 21.11.2011 N 323-ФЗ (ред. от 27.12.2019, с изм. от 13.01.2020) 'Об основах охраны здоровья граждан в Российской Федерации' (с изм. и доп., вступ. в силу с 08.01.2020)'","'Заболевание'",
http://webprotege.stanford.edu/R9c4FN0fS5d5sRJDbG6t40i,Class,http://webprotege.stanford.edu/%D0%AE%D1%80%D0%B8%D0%B4%D0%B8%D1%87%D0%B5%D1%81%D0%BA%D0%BE%D0%B5%D0%9B%D0%B8%D1%86%D0%BE,,,,,,,,,,,,,,,,,,,,,,,,,,,,,,,,,,,,,,,,,,,,,,,,,,,,,,,,,,,,,,,,,,,,,,,,,,,,,,,,,,,,,,,,,,,,,,,,,,,,,,,,,,,,,,,,,,,,,,,,,,,,,,,,,,,,,,,,,,,,,,,,,,,,,,,,,,,,,,,,,,,,,,,,,,,,,,,,,,,,,,,,,,,,,"'Осуществляюет деятельность в сфере обязательного медицинского страхования,  страховая организация, имеющая лицензию, выданную в установленном законодательством Российской Федерации порядке. Особенности лицензирования деятельности страховых медицинских организаций определяются Правительством Российской Федерации.'","'Федеральный закон от 29.11.2010 N 326-ФЗ (ред. от 28.01.2020) 'Об обязательном медицинском страховании в Российской Федерации'","'СтраховаяМедицинскаяОрганизация'",
http://webprotege.stanford.edu/R9rlNEbq85Nr0s0quJA9Kc7,Class,http://webprotege.stanford.edu/RizUrCw7l9XqxOiTpAfhqa,,,,,,,,,,,,,,,,,,,,,,,,,,,,,,,,,,,,,,,,,,,,,,,,,,,,,,,,,,,,,,,,,,,,,,,,,,,,,,,,,,,,,,,,,,,,,,,,,,,,,,,,,,,,,,,,,,,,,,,,,,,,,,,,,,,,,,,,,,,,,,,,,,,,,,,,,,,,,,,,,,,,,,,,,,,,,,,,,,,,,,,,,,,,,"'Медицинское вмешательство или комплекс медицинских вмешательств, направленных на профилактику, диагностику и лечение заболеваний, медицинскую реабилитацию и имеющих самостоятельное законченное значение'","'Федеральный закон от 21.11.2011 N 323-ФЗ (ред. от 01.04.2020) 'Об основах охраны здоровья граждан в Российской Федерации''","'МедицинскаяУслуга'",
http://webprotege.stanford.edu/R9vEmrLvJB7wcmodlYDznZK,Class,http://webprotege.stanford.edu/RUaXXKut3Lqaf0DpCEYiy,,,,,,,,,,,,,,,,,,,,,,,,,,,"'R7Y7rSZHLMJJHBbrs2DIKUx'",,,,,,,,,,,,,,,,,,,,,,,,,,,,,,,,,,,,,,,,,,,,,,,,,,,,,,,,,,,,,,,,,,,,,,,,,,,,,,,,,,,,,,,,,,,,,,,,,,,,,,,,,,,,,,,,,,,,,,,,,,,,,,,,,,,,,,,,,,,,,,,,,,,,,,,,,,,,,,,,,,"'Долгосрочные ссуды, предоставляемые банками под залог недвижимости: земли, производственных и жилых зданий, сооружений. Ипотечный жилищный кредит позволяет заемщику получить в пользование жилье, оплатив относительно небольшую часть стоимости долга банку и внося процент за предоставленный кредит. Однако при этом собственником жилья остается банк вплоть до полного возврата кредита, в связи с чем оно становится объектом залога. При невозможности возврата ипотечного жилищного кредита заемщик вынужден освободить жилье, но ему возвращается оплаченная часть ипотечного кредита без возврата выплаченных ранее процентов.'","'Райзберг Б.А., Лозовский Л.Ш., Стародубцева Е.Б.
'Современный экономический словарь. - 6-е изд., перераб. и доп. - М.'
(ИНФРА-М, 2011)'","'ИпотечныйКредит'",
http://webprotege.stanford.edu/R9z1fMLcsc2EuMkliksdMqv,Class,http://webprotege.stanford.edu/%D0%9E%D0%B1%D1%8A%D0%B5%D0%BA%D1%82,,,,,,,,,,,,,,,,,,,,,,,,,,,,,,,,,,,,,,,,,,,,,,,,,,,,,,,,,,,,,,,,,,,,,,,,,,,,,,,,,,,,,,,,,,,,,,,,,,,,,,,,,,,,,,,,,,,,,,,,,,,,,,,,,,,,,,,,,,,,,,,,,,,,,,,,,,,,,,,,,,,,,,,,,,,,,,,,,,,,,,,,,,,,,"'Договор, в результате которого возникает финансовый актив у одной организации и финансовое обязательство или долевой инструмент - у другой'","'Международный стандарт финансовой отчетности (IAS) 32 'Финансовые инструменты: представление' (введен в действие на территории Российской Федерации Приказом Минфина России от 28.12.2015 N 217н) (ред. от 11.07.2016)'","'ФинансовыйИнструмент'",
http://webprotege.stanford.edu/RB5oIHtkQE6LQ9VPj02lEzz,Class,http://webprotege.stanford.edu/R8stQtvnBdQN6naAKGNfzYf,,,,,,,,,,,,,,,,,,,,,,,,,,,,,,,,,,,,,,,,,,,,,,,,,,,,,,,,,,,,,,,,,,,,,,,,,,,,,,,,,,,,,,,,,,,,,,,,,,,,,,,,,,,,,,,,,,,,,,,,,,,,,,,,,,,,,,,,,,,,,,,,,,,,,,,,,,,,,,,,,,,,,,,,,,,,,,,,,,,,,,,,,,,,,,,"'СреднийМедицинскийПерсонал'",
http://webprotege.stanford.edu/RBGpeOW93OqEzlKJMTikdmw,Class,http://webprotege.stanford.edu/RBJoP95H8qRAGE031cRNcQ3,,,,,,,,,,,,,,,,,,,,,,,,,,,,,,,,,,,,,,,,,,,,,,,,,,,,,,,,,,,,,,,,,,,,,,,,,,,,,,,,,,,,,,,,,,,,,,,,,,,,,,,,,,,,,,,,,,,,,,,,,,,,,,,,,,,,,,,,,,,,,,,,,,,,,,,,,,,,,,,,,,,,,,,,,,,,,,,,,,,,,,,,,,,,,"'Разрешение на строительство представляет собой документ, который подтверждает соответствие проектной документации требованиям, установленным градостроительным регламентом'","'Градостроительный кодекс Российской Федерации от 29.12.2004 N 190-ФЗ (ред. от 24.04.2020)'","'РазрешениеНаСтроительство'",
http://webprotege.stanford.edu/RBJoP95H8qRAGE031cRNcQ3,Class,http://webprotege.stanford.edu/%D0%9E%D0%B1%D1%8A%D0%B5%D0%BA%D1%82,,,,,,,,,,,,,,,,,,,,,,,,,,,,,,,,,,,,,,,,,,,,,,,,,,,,,,,,,,,,,,,,,,,,,,,,,,,,,,,,,,,,,,,,,,,,,,,,,,,,,,,,,,,,,,,,,,,,,,,,,,,,,,,,,,,,,,,,,,,,,,,,,,,,,,,,,,,,,,,,,,,,,,,,,,,,,,,,,,,,,,,,,,,,,"'Материальный носитель с зафиксированной на нем в любой форме информацией в виде текста, звукозаписи, изображения и (или) их сочетания, который имеет реквизиты, позволяющие его идентифицировать, и предназначен для передачи во времени и в пространстве в целях общественного использования и хранения'","'Федеральный закон от 29.12.1994 N 77-ФЗ (ред. от 03.07.2016) 'Об обязательном экземпляре документов''","'Документ'",
http://webprotege.stanford.edu/RBMhmC5OlIN2nlDcXXkqkHt,Class,http://webprotege.stanford.edu/%D0%9E%D0%B1%D1%8A%D0%B5%D0%BA%D1%82,,,,,,,,,,,,,,,,,,,,,,,,,,,,,,,,,,,,,,,,,,,,,,,,,,,,,,,,,,,,,,,,,,,,,,,,,,,,,,,,,,,,,,,,,,,,,,,,,,,,,,,,,,,,,,,,,,,,,,,,,,,,,,,,,,,,,,,,,,,,,,,,,,,,,,,,,,,,,,,,,,,,,,,,,,,,,,,,,,,,,,,,,,,,,"'Любой вид информационного ресурса, представленный в виде последовательности дискретных (цифровых) сигналов'","'Концепция модернизации муниципальных библиотек Российской Федерации на основе модельного стандарта деятельности общедоступной библиотеки (утв. Минкультуры России)'","'ЦифровойРесурс'",
http://webprotege.stanford.edu/RBXWQJ5AJWOcdyKwyyidob3,Class,http://webprotege.stanford.edu/%D0%AE%D1%80%D0%B8%D0%B4%D0%B8%D1%87%D0%B5%D1%81%D0%BA%D0%BE%D0%B5%D0%9B%D0%B8%D1%86%D0%BE,,,,,,,,,,,,,,,,,,,,,,,,,,,,,,,,,,,,,,,,,,,,,,,,,,,,,,,,,,,,,,,,,,,,,,,,,,,,,,,,,,,,,,,,,,,,,,,,,,,,,,,,,,,,,,,,,,,,,,,,,,,,,,,,,,,,,,,,,,,,,,,,,,,,,,,,,,,,,,,,,,,,,,,,,,,,,,,,,,,,,,,,,,,,,"'Федеральные органы исполнительной власти, под которыми понимаются органы государственной власти (управления), выполняющие исполнительные функции государственного управления в России, в том числе'","'Комментарий к Федеральному закону от 26 июля 2006 г. N 135-ФЗ 'О защите конкуренции (Батрова Т.А., Артемьев Е.В.) (Подготовлен для системы КонсультантПлюс, 2018)'","'ФедеральныйОрганИсполнительнойВласти'",
http://webprotege.stanford.edu/RC2SEwuGDd0uLn1IaZNYKSI,Class,http://webprotege.stanford.edu/R7IkdeX9mkmhlp5KREu4ItW,,,,,,,,,,,,,,,,,,,,,,,,,,,,,,,,,,,,,,,,,,,,,,,,,,,,,,,,,,,,,,,,,,,,,,,,,,,,,,,,,,,,,,,,,,,,,,,,,,,,,,,,,,,,,,,,,,,,,,,,,,,,,,,,,,,,,,,,,,,,,,,,,,,,,,,,,,,,,,,,,,,,,,,,,,,,,,,,,,,,,,,,,,,,,,,"'ФедеральныйОкруг'",
http://webprotege.stanford.edu/RC34X4thdXLt3E2eWvqKvOT,Class,http://webprotege.stanford.edu/RBJoP95H8qRAGE031cRNcQ3,,,,,,,,,,,,,,,,,,,,,,,,,,,,,,,,,,,,,,,,,,,,,,,,,,,,,,,,,,,,,,,,,,,,,,,,,,,,,,,,,,,,,,,,,,,,,,,,,,,,,,,,,,,,,,,,,,,,,,,,,,,,,,,,,,,,,,,,,,,,,,,,,,,,,,,,,,,,,,,,,,,,,,,,,,,,,,,,,,,,,,,,,,,,,"'Книга, содержащая реестровый список, используется для регистрации документов, дел.'","'Райзберг Б.А., Лозовский Л.Ш., Стародубцева Е.Б.
'Современный экономический словарь. - 6-е изд., перераб. и доп. - М.'
(ИНФРА-М, 2011)'","'Реестр'",
http://webprotege.stanford.edu/RC4EWiDfNI9D4blF3krf8Vl,Class,http://webprotege.stanford.edu/%D0%AE%D1%80%D0%B8%D0%B4%D0%B8%D1%87%D0%B5%D1%81%D0%BA%D0%BE%D0%B5%D0%9B%D0%B8%D1%86%D0%BE,,,,,,,,,,,"'R9gdNT1YH0LvIXYoX0eAAM2'",,,,,,,,,,,,,,,,,,,,,,,,,,,,,,,,,,,,,,,,,,,,,,,,,,,,,,,,,,,,,,,,,,,,,,,,,,,,,,,,,,,,,,,,,,,,,,,,,,,,,,,,,,,,,,,,,,,,,,,,,,,,,,,,,,,,,,,,,,,,,,,,,,,,,,,,,,,,,,,,,,,,,,,,,,,,,,,,,,"'Cубъектам малого и среднего предпринимательства относятся зарегистрированные в соответствии с законодательством Российской Федерации и соответствующие условиям, установленным частью 1.1 настоящей статьи, хозяйственные общества, хозяйственные товарищества, хозяйственные партнерства, производственные кооперативы, потребительские кооперативы, крестьянские (фермерские) хозяйства и индивидуальные предприниматели.'","'Федеральный закон от 24.07.2007 N 209-ФЗ (ред. от 27.12.2019) 'О развитии малого и среднего предпринимательства в Российской Федерации' (с изм. и доп., вступ. в силу с 01.01.2020)'","'СубъектМалогоИСреднегоПредпринимательства'",
http://webprotege.stanford.edu/RCQVBIqfZ5ewDfXT20OHgSG,Class,http://webprotege.stanford.edu/RBJoP95H8qRAGE031cRNcQ3,,,,,,,,,,,,,,,,,,,,,,,,,,,,,,,,,,,,,,,,,,,,,,,,,,,,,,,,,,,,,,,,,,,,,,,,,,,,,,,,,,,,,,,,,,,,,,,,,,,,,,,,,,,,,,,,,,,,,,,,,,,,,,,,,,,,,,,,,,,,,,,,,,,,,,,,,,,,,,,,,,,,,,,,,,,,,,,,,,,,,,,,,,,,,"'Инструмент, используемый для сбора информации и оценки факторов риска развития хронических болезней, называется 'Инструмент STEPS'. Он охватывает три различных уровня или 'этапа' оценки факторов риска: этап 1, этап 2 и этап 3.Типовая модель инструмента STEPS, которую страны используют для разработки их собственного адаптированного инструмента, содержит:
Основной модуль (незатененный фон)
Расширенный модуль (затененный фон)
Варианты ответов для этапов 1, 2 и 3
Коды, облегчающие сбор и обработку данных'","'https://www.who.int/ncds/surveillance/steps/instrument/ru/'","'STEPS'",
http://webprotege.stanford.edu/RCSBKRo0Xt1SVAfMGQeW14,Class,http://webprotege.stanford.edu/%D0%AE%D1%80%D0%B8%D0%B4%D0%B8%D1%87%D0%B5%D1%81%D0%BA%D0%BE%D0%B5%D0%9B%D0%B8%D1%86%D0%BE,,,,,,,,,,,,,,,,,,,,,,,,,,,,,,,,,,,,,,,,,,,,,,,,,,,,,,,,,,,,,,,,,,,,,,,,,,,,,,,,,,,,,,,,,,,,,,,,,,,,,,,,,,,,,,,,,,,,,,,,,,,,,,,,,,,,,,,,,,,,,,,,,,,,,,,,,,,,,,,,,,,,,,,,,,,,,,,,,,,,,,,,,,,,,"'Хозяйствующий субъект, оказывающий финансовые услуги, - кредитная организация, профессиональный участник рынка ценных бумаг, организатор торговли, клиринговая организация, микрофинансовая организация, кредитный потребительский кооператив, страховая организация, страховой брокер, общество взаимного страхования, негосударственный пенсионный фонд, управляющая компания инвестиционных фондов, паевых инвестиционных фондов, негосударственных пенсионных фондов, специализированный депозитарий инвестиционных фондов, паевых инвестиционных фондов, негосударственных пенсионных фондов, ломбард (финансовая организация, поднадзорная Центральному банку Российской Федерации), лизинговая компания (иная финансовая организация, финансовая организация, не поднадзорная Центральному банку Российской Федерации)'","'Федеральный закон от 26.07.2006 N 135-ФЗ (ред. от 27.12.2019) 'О защите конкуренции''","'ФинансоваяОрганизация'",
http://webprotege.stanford.edu/RCgL1fMNBIAXlw8bcdzGcxB,Class,http://webprotege.stanford.edu/RBJoP95H8qRAGE031cRNcQ3,,,,,,,,,,,,,,,,,,,,,,,,,,,,,,,,,,,,,,,,,,,,,,,,,,,,,,,,,,,,,,,,,,,,,,,,,,,,,,,,,,,,,,,,,,,,,,,,,,,,,,,,,,,,,,,,,,,,,,,,,,,,,,,,,,,,,,,,,,,,,,,,,,,,,,,,,,,,,,,,,,,,,,,,,,,,,,,,,,,,,,,,,,,,,"'Учетная  форма N 025/у-ГС  заполняется в кабинете (отделении) медицинской профилактики после чего гражданский служащий или муниципальный служащий направляется к врачам-специалистам и на диагностические исследования, проводимые в рамках диспансеризации.'","'МИНИСТЕРСТВО ЗДРАВООХРАНЕНИЯ И СОЦИАЛЬНОГО РАЗВИТИЯ РОССИЙСКОЙ ФЕДЕРАЦИИ ПРИКАЗ от 14 декабря 2009 г. N 984н ОБ УТВЕРЖДЕНИИ ПОРЯДКА ПРОХОЖДЕНИЯ ДИСПАНСЕРИЗАЦИИ ГОСУДАРСТВЕННЫМИ ГРАЖДАНСКИМИ СЛУЖАЩИМИ ОССИЙСКОЙ ФЕДЕРАЦИИ И МУНИЦИПАЛЬНЫМИ СЛУЖАЩИМИ, ПЕРЕЧНЯ ЗАБОЛЕВАНИЙ, ПРЕПЯТСТВУЮЩИХ ПОСТУПЛЕНИЮ НА ГОСУДАРСТВЕННУЮ ГРАЖДАНСКУЮ СЛУЖБУ РОССИЙСКОЙ ФЕДЕРАЦИИ И МУНИЦИПАЛЬНУЮ СЛУЖБУ ИЛИ ЕЕ   РОХОЖДЕНИЮ, А ТАКЖЕ ФОРМЫ ЗАКЛЮЧЕНИЯ МЕДИЦИНСКОГО УЧРЕЖДЕНИЯ'","'ПаспортЗдоровья'",
http://webprotege.stanford.edu/RCmTCXPMLjdLpFtuxPFGYta,Class,http://webprotege.stanford.edu/RBJoP95H8qRAGE031cRNcQ3,,,,,,,,,,,,,,,,,,,,,,,,,,,,,,,,,,,,,,,,,,,,,,,,,,,,,,,,,,,,,,,,,,,,,,,,,,,,,,,,,,,,,,,,,,,,,,,,,,,,,,,,,,,,,,,,,,,,,,,,,,,,,,,,,,,,,,,,,,,,,,,,,,,,,,,,,,,,,,,,,,,,,,,,,,,,,,,,,,,,,,,,,,,,,"'Представляет собой документацию, содержащую материалы в текстовой и графической формах и (или) в форме информационной модели и определяющую архитектурные, функционально-технологические, конструктивные и инженерно-технические решения для обеспечения строительства, реконструкции объектов капитального строительства, их частей, капитального ремонта'","'Протокол между Правительством Российской Федерации и Правительством Республики Беларусь от 23.03.2007 'О порядке взимания косвенных налогов при выполнении работ, оказании услуг''","'ПроектнаяДокументация'",
http://webprotege.stanford.edu/RCo6FeeIzo5Sj30ve2O6GUl,Class,http://webprotege.stanford.edu/RBJoP95H8qRAGE031cRNcQ3,,,,,,,,,,,,,,,,,,,,,,,,,,,,,,,,,,,,,,,,,,,,,,,,,,,,,,,,,,,,,,,,,,,,,,,,,,,,,,,,,,,,,,,,,,,,,,,,,,,,,,,,,,,,,,,,,,,,,,,,,,,,,,,,,,,,,,,,,,,,,,,,,,,,,,,,,,,,,,,,,,,,,,,,,,,,,,,,,,,,,,,,,,,,,"'Информация о финансовом положении экономического субъекта на отчетную дату, финансовом результате его деятельности и движении денежных средств за отчетный период, систематизированная в'","'Федеральный закон от 06.12.2011 N 402-ФЗ (ред. от 26.07.2019) 'О бухгалтерском учете' (с изм. и доп., вступ. в силу с 01.01.2020)'","'БухгалтерскаяОтчетность'",
http://webprotege.stanford.edu/RCsaoCoRM1rYEECHuJXFoBx,Class,http://webprotege.stanford.edu/R94NpgB1dQ9y7CuzrdkKxpC,,,,,,,,,,,,,,,,,,,,,,,,,,,,,,,,,,,,,,,,,,,,,,,,,,,,,,,,,,,,,,,,,,,,,,,,,,,,,,,,,,,,,,,,,,,,,,,,,,,,,,,,,,,,,,,,,,,,,,,,,,,,,,,,,,,,,,,,,,,,,,,,,,,,,,,,,,,,,,,,,,,,,,,,,,,,,,,,,,,,,,,,,,,,,"'По кредитному договору банк или иная кредитная организация (кредитор) обязуются предоставить денежные средства (кредит) заемщику в размере и на условиях, предусмотренных договором, а заемщик обязуется возвратить полученную денежную сумму и уплатить проценты за пользование ею, а также предусмотренные кредитным договором иные платежи, в том числе связанные с предоставлением кредита.'","'Гражданский кодекс Российской Федерации (часть вторая)' от 26.01.1996 N 14-ФЗ (ред. от 18.03.2019, с изм. от 03.07.2019)'","'КредитныйДоговор'",
http://webprotege.stanford.edu/RD0MhpOsEiNDh4PqXtGEAi4,Class,http://webprotege.stanford.edu/R7MFZy3rEWNDVSSdu8zdyMu,,,,,,,,,,,,,,,,,,,,,,,,,,,,,,,,,,,,,,,,,,,,,,,,,,,,,,,,,,,,,,,,,,,,,,,,,,,,,,,,,,,,,,,,,,,,,,,,,,,,,,,,,,,,,,,,,,,,,,,,,,,,,,,,,,,,,,,,,,,,,,,,,,,,,,,,,,,,,,,,,,,,,,,,,,,,,,,,,,,,,,,,,,,,,"'Земельный участок как объект права собственности и иных предусмотренных настоящим Кодексом прав на землю является недвижимой вещью, которая представляет собой часть земной поверхности и имеет характеристики, позволяющие определить ее в качестве индивидуально определенной вещи. В случаях и в порядке, которые установлены федеральным законом, могут создаваться искусственные земельные участки.'","''Земельный кодекс Российской Федерации' от 25.10.2001 N 136-ФЗ (ред. от 27.12.2019)'","'ЗемельныйУчасток'",
http://webprotege.stanford.edu/RDK6PsME9gz9kUub5o5LL52,Class,http://webprotege.stanford.edu/%D0%A1%D1%83%D0%B1%D1%8A%D0%B5%D0%BA%D1%82%D0%9F%D1%80%D0%B0%D0%B2%D0%B0,,,,,,,,,,,,,,,,,,,,"'R7d5LnRHwJnxD7gA8rc6KZS'",,,,,,,,,,,"'Rc0JwjiuSXELf30M4UXGSE'	'R8Dw3zLwAic6hYzPn7ryaVL'",,,,,,,,,,,,,,,,,,,,,,,,,,,,,,,,,,,,,,,,,,,,,,,,,,,,,,,,,,,,,,,,,,,,,,,,,,,,,,,,,,,,,,,,,,,,,,,,,,,,,,,,,,,,,,,,,,,,,,,,,,,,,,,,,,,,,,,,,,,,,,,,,,,,,,,,,,,,,,"'городское или сельское поселение, муниципальный район, муниципальный округ, городской округ, городской округ с внутригородским делением, внутригородской район либо внутригородская территория города федерального значения;'","'Федеральный закон от 06.10.2003 N 131-ФЗ (ред. от 27.12.2019) 'Об общих принципах организации местного самоуправления в Российской Федерации''","'МуниципальноеОбразование'",
http://webprotege.stanford.edu/RDedzUcqTGxUVkiJrqiHNwC,Class,http://webprotege.stanford.edu/R9ArsEdZXOQ5j3YTsPGarrp,,,,,,,,,,,,,,,,,"'RCgL1fMNBIAXlw8bcdzGcxB'",,,,,,,,,,,,,,,,,,,,,,,,,,,,,,,,,,,,,,,,,,,,,,,,,,,,,,,,,,,,,,,,,,,,,,,,,,,,,,,,,,,,,,,,,,,,,,,,,,,,,,,,,,,,,,,,,,,,,,,,,,,,,,,,,,,,,,,,,,,,,,,,,,,,,,,,,,,,,,,,,,,,,,,,,,,,,,"'ЦентрЗдоровья'",
http://webprotege.stanford.edu/RDfINJChulXB5OnR96rNQKh,Class,http://webprotege.stanford.edu/%D0%AE%D1%80%D0%B8%D0%B4%D0%B8%D1%87%D0%B5%D1%81%D0%BA%D0%BE%D0%B5%D0%9B%D0%B8%D1%86%D0%BE,,,,,,,,,,,,,,,,,,,,,,,,,,,,,,,,,,,,,,,,,,,,,,,,,,,,,,,,,,,,,,,,,,,,,,,,,,,,,,,,,,,,,,,,,,,,,,,,,,,,,,,,,,,,,,,,,,,,,,,,,,,,,,,,,,,,,,,,,,,,,,,,,,,,,,,,,,,,,,,,,,,,,,,,,,,,,,,,,,,,,,,,,,,,,"'Под организацией культуры понимается организация, созданная учредителем (собственником или уполномоченным им органом) для осуществления культурной деятельности некоммерческого характера, финансируемая им полностью или частично и пользующаяся имуществом учредителя на праве оперативного управления'","'Постановление Правительства РФ от 26.06.1995 N 609 (ред. от 23.12.2002) 'Об утверждении Положения об основах хозяйственной деятельности и финансирования организаций культуры и искусства''","'ОрганизацияКультуры'",
http://webprotege.stanford.edu/RDkcssUvp5D5N1YvDnT4NnY,Class,http://webprotege.stanford.edu/RCSBKRo0Xt1SVAfMGQeW14,,,,,,,,,,,,,,,,,,,,,,,,,,,,,"'RUaXXKut3Lqaf0DpCEYiy'",,,,,,,,,,,,,,,,,,,,,,,,,,,,,,,,,,,,,,,,,,,,,,,,,,,,,,,,,,,,,,,,,,,,,,,,,,,,,,,,,,,,,,,,,,,,,,,,,,,,,,,,,,,,,,,,,,,,,,,,,,,,,,,,,,,,,,,,,,,,,,,,,,,,,,,,,,,,,,,,"'Кредитная организация, которая имеет исключительное право осуществлять в совокупности следующие банковские операции: привлечение во вклады денежных средств физических и юридических лиц, размещение указанных средств от своего имени и за свой счет на условиях возвратности, платности, срочности, открытие и ведение банковских счетов физических и юридических лиц'","'Федеральный закон от 02.12.1990 N 395-1 (ред. от 27.12.2019) 'О банках и банковской деятельности' (с изм. и доп., вступ. в силу с 08.01.2020)'","'Банк'",
http://webprotege.stanford.edu/RDvh3DzWebFWRHUP9mE1HfW,Class,http://webprotege.stanford.edu/%D0%9E%D0%B1%D1%8A%D0%B5%D0%BA%D1%82,,,,,,,,,,,,,,,,,,,,,,,,,,"'R7IkdeX9mkmhlp5KREu4ItW'",,,,,,,,,,,,,,,,,,,,,,,,,,,,,,,,,,,,,,,,,,,,,,,,,,,,,,,,,,,,,,,,,,,,,,,,,,,,,,,,,,,,,,,,,,,,,,,,,,,,,,,,,,,,,,,,,,,,,,,,,,,,,,,,,,,,,,,,,,,,,,,,,,,,,,,,,,,,,,,,,,,"'Обеспечение необходимыми финансовыми ресурсами всего хозяйства страны, регионов, предприятий, предпринимателей, граждан, а также различных экономических программ и видов экономической деятельности. Финансирование осуществляется из собственных, внутренних источников и из внешних источников в виде ассигнований из средств бюджета, кредитных средств, иностранной помощи, взносов других лиц.'","'Приложение к решению Федеральной службы по интеллектуальной собственности, патентам и товарным знакам от 27.04.2009 по заявке N 2007731256/50 ЗАКЛЮЧЕНИЕ КОЛЛЕГИИ ПАЛАТЫ ПО ПАТЕНТНЫМ СПОРАМ ОТ 5 МАРТА 2009 ГОДА'","'Финансирование'",
http://webprotege.stanford.edu/RPtbga8P9x3I3xB2B31FJ4,Class,http://webprotege.stanford.edu/%D0%9E%D0%B1%D1%8A%D0%B5%D0%BA%D1%82,,,,,,,,,,,,,,,,,,,,,,,,,,,,,,,,,,,,,,,,,,,,,,,,,,,,,,,,,,,,,,,,,,,,,,,,,,,,,,,,,,,,,,,,,,,,,,,,,,,,,,,,,,,,,,,,,,,,,,,,,,,,,,,,,,,,,,,,,,,,,,,,,,,,,,,,,,,,,,,,,,,,,,,,,,,,,,,,,,,,,,,,,,,,,"'Часть территории, имеющая сосредоточенную застройку в пределах фиксированной границы и служащая постоянным и преимущественным местом проживания и жизнедеятельности людей, либо группа населенных пунктов, не являющиеся  административной территориальной единицей (город районного подчинения, поселок городского типа (рабочий или дачный, сельский населенный пункт)'","'Определение Верховного Суда РФ от 11.04.2007 N 4-Г07-7 Об оставлении без изменения решения Московского областного суда от 01.12.2006 об отказе в оспаривании и признании недействующими постановлений губернатора Московской области от 19.07.2004 N 138-ПГ 'Об объединении некоторых поселений Домодедовского района Московской области' и от 13.09.2004 N 199-ПГ 'Об объединении дачного поселка Белые Столбы Домодедовского района Московской области и города Домодедово Московской области''","'НаселенныйПункт'",
http://webprotege.stanford.edu/RUaXXKut3Lqaf0DpCEYiy,Class,http://webprotege.stanford.edu/R9z1fMLcsc2EuMkliksdMqv,,,,,,,,,,,,,,,,,,,,,,,,"'RCsaoCoRM1rYEECHuJXFoBx'",,,,,,,,,,,,,,,,,,,,,,,,,,,,,,,,,,,,,,,,,,,,,,,,,,,,,,,,,,,,,,,,,,,,,,,,,,,,,,,,,,,,,,,,,,,,,,,,,,,,,,,,,,,,,,,,,,,,,,,,,,,,,,,,,,,,,,,,,,,,,,,,,,,,,,,,,,,,,,,,,,,,,"'Заем в денежной или товарной форме, предоставляемый кредитором заемщику на условиях возвратности, чаще всего с выплатой заемщиком процента за пользование займом. Различают следующие основные формы кредита: краткосрочный, выдаваемый, как правило, на срок до года, предназначенный преимущественно для формирования оборотных средств предприятий, фирм; долгосрочный, предоставляемый на срок свыше года и используемый в основном в качестве инвестиционного капитала; гарантированный, предоставляемый под гарантию, под обеспечение; государственный, в котором в качестве заемщика выступает государство, а в роли кредитора - физические и юридические лица, приобретающие государственные ценные бумаги (облигации, казначейские сертификаты и др.); банковский, предоставляемый банками в денежной форме; потребительский, предоставляемый потребителям товаров и услуг и используемый для удовлетворения потребительских нужд; коммерческий, предоставляемый юридическими и физическими лицами друг другу по долговым обязательствам или предоставляемый в товарной форме продавцами покупателям (продажа в рассрочку); международный (иностранный), предоставляемый продающей стороной покупающей стороне в форме аванса для закупки товаров у продающей стороны; ипотечный, предоставляемый под залог недвижимости.'","'Райзберг Б.А., Лозовский Л.Ш., Стародубцева Е.Б.
'Современный экономический словарь. - 6-е изд., перераб. и доп. - М.'
(ИНФРА-М, 2011)'","'Кредит'",
http://webprotege.stanford.edu/Rc0JwjiuSXELf30M4UXGSE,Class,http://webprotege.stanford.edu/RPtbga8P9x3I3xB2B31FJ4,,,,,,,,,,,,,,,,,,,,,,,,,,,,,,,,,,,,,,,,,,,,,,,,,,,,,,,,,,,,,,,,,,,,,,,,,,,,,,,,,,,,,,,,,,,,,,,,,,,,,,,,,,,,,,,,,,,,,,,,,,,,,,,,,,,,,,,,,,,,,,,,,,,,,,,,,,,,,,,,,,,,,,,,,,,,,,,,,,,,,,,,,,,,,"'Населенный пункт, имеющий статус города в соответствии с нормативным правовым актом, принятым субъектом Российской Федерации'","'Распоряжение Правительства РФ от 23.03.2019 N 510-р (ред. от 05.11.2019) <Об утверждении Методики формирования индекса качества городской среды>'","'Город'",
http://webprotege.stanford.edu/Rfd3BlKuRt5CcQFc0N0Xj1,Class,http://webprotege.stanford.edu/RBJoP95H8qRAGE031cRNcQ3,,,,,,,,,,,,,,,,,,,,,,,,,,,,,,,,,,,,,,,,,,,,,,,,,,,,,,,,,,,,,,,,,,,,,,,,,,,,,,,,,,,,,,,,,,,,,,,,,,,,,,,,,,,,,,,,,,,,,,,,,,,,,,,,,,,,,,,,,,,,,,,,,,,,,,,,,,,,,,,,,,,,,,,,,,,,,,,,,,,,,,,,,,,,,"'Медицинская документация учетная форма N 110/у'","'Утверждена Приказом Министерства здравоохранения и социального развития Российской Федерации от 2 декабря 2009 г. N 942'","'КартаВызоваСкоройМедицинскойПомощи'",
http://webprotege.stanford.edu/Rg9vngtHt0IhRUeZXv7ROy,Class,http://webprotege.stanford.edu/R8stQtvnBdQN6naAKGNfzYf,,,,,,,,,,,,,,,,,,,,,,,,,,,,,,,,,,,,,,,,,,,,,,,,,,,,,,,,,,,,,,,,,,,,,,,,,,,,,,,,,,,,,,,,,,,,,,,,,,,,,,,,,,,,,,,,,,,,,,,,,,,,,,,,,,,,,,,,,,,,,,,,,,,,,,,,,,,,,,,,,,,,,,,,,,,,,,,,,,,,,,,,,,,,,,,"'ЛечащийВрач'",
http://webprotege.stanford.edu/RgifrQsSsP71FvRodacGFR,Class,http://webprotege.stanford.edu/%D0%A4%D0%B8%D0%B7%D0%B8%D1%87%D0%B5%D1%81%D0%BA%D0%BE%D0%B5%D0%9B%D0%B8%D1%86%D0%BE,,,,,,,,,,,,,,,,,,,,,,,,,,,,,,,,,,,,,,,,,,,,,,,,,,,,,,,,,,,,,,,,,,,,,,,,,,,,,,,,,,,,,,,,,,,,,,,,,,,,,,,,,,,,,,,,,,,,,,,,,,,,,,,,,,,,,,,,,,,,,,,,,,,,,,,,,,,,,,,,,,,,,,,,,,,,,,,,,,,,,,,,,,,,,"'Ребенком признается лицо, не достигшее возраста восемнадцати лет (совершеннолетия)'","'Семейный кодекс Российской Федерации от 29.12.1995 N 223-ФЗ (ред. от 06.02.2020)'","'Ребенок'",
http://webprotege.stanford.edu/RizUrCw7l9XqxOiTpAfhqa,Class,http://webprotege.stanford.edu/%D0%9E%D0%B1%D1%8A%D0%B5%D0%BA%D1%82,,,,,,,,,,,,,,,,,,,,,,,,,,,,,,,,,,,,,,,,,,,,,,,,,,,,,,,,,,,,,,,,,,,,,,,,,,,,,,,,,,,,,,,,,,,,,,,,,,,,,,,,,,,,,,,,,,,,,,,,,,,,,,,,,,,,,,,,,,,,,,,,,,,,,,,,,,,,,,,,,,,,,,,,,,,,,,,,,,,,,,,,,,,,,"'это результат производственной деятельности, осуществляемой по заказу в соответствии со спросом потребителя с целью изменения состояния потребляющих единиц (либо физического или интеллектуального состояния самого потребителя, либо принадлежащих ему предметов) или содействия обмену продуктами или финансовыми активами'","'Приказ Росстата от 29.09.2017 N 643
'Об утверждении официальной статистической методологии формирования официальной статистической информации об объеме платных услуг населению в разрезе видов услуг''","'Услуга'",
http://webprotege.stanford.edu/RmnKbFKm7KHfzvFrSCsMZq,Class,http://webprotege.stanford.edu/RBJoP95H8qRAGE031cRNcQ3,,,,,,,,,,,,,,,,,,,,,,,,,,,,,,,,,,,,,,,,,,,,,,,,,,,,,,,,,,,,,,,,,,,,,,,,,,,,,,,,,,,,,,,,,,,,,,,,,,,,,,,,,,,,,,,,,,,,,,,,,,,,,,,,,,,,,,,,,,,,,,,,,,,,,,,,,,,,,,,,,,,,,,,,,,,,,,,,,,,,,,,,,,,,,"'I. Процедуры, предусмотренные нормативными правовыми актами Российской Федерации

1. Процедуры, связанные с предоставлением прав
на земельный участок и подготовкой документации
по планировке территории в отношении земельных участков,
относящихся к землям населенных пунктов и имеющих вид
разрешенного использования, позволяющий
осуществлять жилищное строительство 2. Процедуры, связанные с заключением договоров
подключения (технологического присоединения) объектов
капитального строительства к сетям инженерно-технического
обеспечения (к электрическим сетям), а также
с архитектурно-строительным проектированием
3. Процедуры, связанные с осуществлением
строительства, реконструкции
4. Процедуры, связанные с предоставлением
разрешения на ввод объекта в эксплуатацию, государственной
регистрацией прав на построенный объект, заключением
договоров энерго-, тепло-, водо-, газоснабжения
и водоотведения
II. Процедуры, связанные с особенностями
осуществления градостроительной деятельности
на территориях субъектов Российской Федерации
и территориях муниципальных образований (применяются
в случае, если такие процедуры и порядок их проведения
установлены нормативным правовым актом субъекта
Российской Федерации или муниципальным правовым
актом представительного органа
местного самоуправления)'","'Постановление Правительства РФ от 30.04.2014 N 403 (ред. от 21.12.2019) 'Об исчерпывающем перечне процедур в сфере жилищного строительства' (вместе с 'Правилами внесения изменений в исчерпывающий перечень процедур в сфере жилищного строительства', 'Правилами ведения реестра описаний процедур, указанных в исчерпывающем перечне процедур в сфере жилищного строительства')'","'ИсчерпывающийПереченьАдминистративныхПроцедурВСфереЖилищногоСтроительства'",
http://webprotege.stanford.edu/%D0%93%D0%BE%D1%81%D1%83%D0%B4%D0%B0%D1%80%D1%81%D1%82%D0%B2%D0%BE,Class,http://webprotege.stanford.edu/%D0%A1%D1%83%D0%B1%D1%8A%D0%B5%D0%BA%D1%82%D0%9F%D1%80%D0%B0%D0%B2%D0%B0,,"'R7IkdeX9mkmhlp5KREu4ItW'",,,,,,,,,,,,,,,,,,,,,,,,,,,,,,,,,,,,,,,,,,,,,,,,,,,,,,,,,,,,,,,,,,,,,,,,,,,,,,,,,,,,,,,,,,,,,,,,,,,,,,,,,,,,,,,,,,,,,,,,,,,,,,,,,,,,,,,,,,,,,,,,,,,,,,,,,,,,,,,,,,,,,,,,,,,,,,,,,,,,,,,,,,,"'Общественно-политическое образование, характеризующееся наличием особой системы органов и учреждений политической власти и правовых норм, четко ограниченной территорией, на которую распространяется единая конституция и юрисдикция.'","'Постановление N 47-13 Межпарламентской Ассамблеи государств - участников СНГ 'О Глоссарии терминов и понятий, используемых государствами - участниками СНГ в пограничной сфере' (Принято в г. Санкт-Петербурге 13.04.2018)'","'Государство'",
http://webprotege.stanford.edu/%D0%94%D0%BE%D0%BB%D0%B6%D0%BD%D0%BE%D1%81%D1%82%D0%BD%D0%BE%D0%B5%D0%9B%D0%B8%D1%86%D0%BE,Class,http://webprotege.stanford.edu/%D0%A4%D0%B8%D0%B7%D0%B8%D1%87%D0%B5%D1%81%D0%BA%D0%BE%D0%B5%D0%9B%D0%B8%D1%86%D0%BE,,,,,,,,,,,,,,,,,,,,,,,,,,,,,,,,,,,,,,,,,,,,,,,,,,,,,,,,,,,,,,,,,,,,,,,,,,,,,,,,,,,,,,,,,,,,,,,,,,,,,,,,,,,,,,,,,,,,,,,,,,,,,,,,,,,,,,,,,,,,,,,,,,,,,,,,,,,,,,,,,,,,,,,,,,,,,,,,,,,,,,,,,,,,,"'лицо, постоянно, временно или по специальному полномочию осуществляющее функции представителя власти либо выполняющее организационно-распорядительные, административно-хозяйственные функции в государственном органе или органе местного самоуправления'","'Федеральный закон от 02.05.2006 N 59-ФЗ (ред. от 27.12.2018) 'О порядке рассмотрения обращений граждан Российской Федерации''","'ДолжностноеЛицо'",
http://webprotege.stanford.edu/%D0%97%D0%B0%D0%B4%D0%B0%D1%87%D0%B0,Class,http://webprotege.stanford.edu/%D0%9E%D0%B1%D1%8A%D0%B5%D0%BA%D1%82,,,,,,,,,,,,,,,,,,,,,,,,"'%D0%A0%D0%B5%D0%B7%D1%83%D0%BB%D1%8C%D1%82%D0%B0%D1%82'",,,,,,,,,,,,,,,,,,,,,,,,,,,,,,,,,,,,,,,,,,,,,,,,,,,,,,,,,,,,,,,,,,,,,,,,,,,,,,,,,,,,,,,,,,,,,,,,,,,,,,,,,,,,,,,,,,,,,,,,,,,,,,,,,,,,,,,,,,,,,,,,,,,,,,,,,,,,,,,,,,,,,"'Прикладной инструмент достижения целей, который, в отличие от цели, может обладать конкретным сроком выполнения'","''Правовые основы общественного контроля в Российской Федерации: Постатейный научно-практический комментарий к Федеральному закону от 21 июля 2014 г. N 212-ФЗ 'Об основах общественного контроля в Российской Федерации' (под общ. ред. М.А. Федотова) ('Статут', 2017)'","'Задача'",
http://webprotege.stanford.edu/%D0%9D%D0%B0%D1%86%D0%B8%D0%BE%D0%BD%D0%B0%D0%BB%D1%8C%D0%BD%D1%8B%D0%B9%D0%9F%D1%80%D0%BE%D0%B5%D0%BA%D1%82,Class,http://webprotege.stanford.edu/%D0%9F%D1%80%D0%BE%D0%B5%D0%BA%D1%82,,,,,,,,,,"'%D0%94%D0%BE%D0%BB%D0%B6%D0%BD%D0%BE%D1%81%D1%82%D0%BD%D0%BE%D0%B5%D0%9B%D0%B8%D1%86%D0%BE'",,,,,,,,,,,,,,"'%D0%A6%D0%B5%D0%BB%D1%8C'",,,,,,,"'%D0%A4%D0%B5%D0%B4%D0%B5%D1%80%D0%B0%D0%BB%D1%8C%D0%BD%D1%8B%D0%B9%D0%9F%D1%80%D0%BE%D0%B5%D0%BA%D1%82'",,,,,,,,,,,,,,,,,,,,,,,,,,,,,,,,,,,,,,,,,,,,,,,,,,,,,,,,,,,,,,,,,,,,,,,,,,,,,,,,,,,,,,,,,,,,,,,,,,,,,,,,,,,,,,,,,,,,,,,,,,,,,,,,,,,,,,,,,,,,,,,,,,,,,,,,,,,,,,"'Проект (программа), обеспечивающий достижение целей и целевых показателей, выполнение задач, определенных Указом Президента Российской Федерации от 7 мая 2018 г. N 204 'О национальных целях и стратегических задачах развития Российской Федерации на период до 2024 года', а также при необходимости достижение дополнительных показателей и выполнение дополнительных задач по поручению и (или) указанию Президента Российской Федерации, поручению Председателя Правительства Российской Федерации, Правительства Российской Федерации, решению Совета при Президенте Российской Федерации по стратегическому развитию и национальным проектам, президиума Совета и подлежащий разработке в соответствии с Указом'","'Положение об организации проектной деятельности в правительстве Российской Федерации, утверждено постановлением Правительства Российской Федерации от 31 октября 2018 г. N 1288'","'НациональныйПроект'",
http://webprotege.stanford.edu/%D0%9E%D0%B1%D1%8A%D0%B5%D0%BA%D1%82,Class,http://www.w3.org/2002/07/owl#Thing,,,,,,,,,,,,,,,,,,,,,,,,,,,,,,,,,,,,,,,,,,,,,,,,,,,,,,,,,,,,,,,,,,,,,,,,,,,,,,,,,,,,,,,,,,,,,,,,,,,,,,,,,,,,,,,,,,,,,,,,,,,,,,,,,,,,,,,,,,,,,,,,,,,,,,,,,,,,,,,,,,,,,,,,,,,,,,,,,,,,,,,,,,,,,,,"'Объект'",
http://webprotege.stanford.edu/%D0%9E%D1%80%D0%B3%D0%B0%D0%BD%D0%B8%D0%B7%D0%B0%D1%86%D0%B8%D1%8F,Class,http://webprotege.stanford.edu/%D0%A1%D1%83%D0%B1%D1%8A%D0%B5%D0%BA%D1%82%D0%9F%D1%80%D0%B0%D0%B2%D0%B0,,,,,,,,,,,,,,,,,,,,,,,,,,,,,,,,,,,,,,,,,,,,,,,,,,,,,,,,,,,,,,,,,,,,,,,,,,,,,,,,,,,,,,,,,,,,,,,,,,,,,,,,,,,,,,,,,,,,,,,,,,,,,,,,,,,,,,,,,,,,,,,,,,,,,,,,,,,,,,,,,,,,,,,,,,,,,,,,,,,,,,,,,,,,,"'Компания, фирма, проект, предприятие, учреждение, завод, фабрика, объединение, орган власти, общественный институт или ассоциация и т.п. либо их части, входящие или не входящие в их состав, различных форм собственности, которые имеют собственные функции и управление. В организациях, имеющих более одного структурного подразделения, каждое отдельно взятое структурное подразделение может рассматриваться как организация.'","'МЕЖГОСУДАРСТВЕННЫЙ СТАНДАРТ СИСТЕМА СТАНДАРТОВ БЕЗОПАСНОСТИ ТРУДА СИСТЕМЫ УПРАВЛЕНИЯ ОХРАНОЙ ТРУДА Введен в действие Приказом Ростехрегулирования от 10 июля 2007 г. N 169-ст'","'Организация'",
http://webprotege.stanford.edu/%D0%9F%D0%BE%D0%BA%D0%B0%D0%B7%D0%B0%D1%82%D0%B5%D0%BB%D1%8C,Class,http://webprotege.stanford.edu/%D0%9E%D0%B1%D1%8A%D0%B5%D0%BA%D1%82,,,,,,,,,,,,,,,"'R7IkdeX9mkmhlp5KREu4ItW'",,,,,,,,,,,,,,,,,,,,,,,,,,,,,,,,,,,,,,,,,,,,,,,,,,,,,,,,,,,,,,,,,,,,,,,,,,,,,,,,,,,,,,,,,,,,,,,,,,,,,,,,,,,,,,,,,,,,,,,,,,,,,,,,,,,,,,,,,,,,,,,,,,,,,,,,,,,,,,,,,,,,,,,,,,,,,,"'Обобщенная характеристика какого-либо объекта, процесса или его результата, понятия или их свойств, обычно выраженная в численной форме.'","'Приказ Тендерного комитета г. Москвы от 05.08.2014 N 70-01-125/14 'Об утверждении Методики определения рейтинга поставщика Портала поставщиков''","'Показатель'",
http://webprotege.stanford.edu/%D0%9F%D1%80%D0%BE%D0%B5%D0%BA%D1%82,Class,http://webprotege.stanford.edu/%D0%9E%D0%B1%D1%8A%D0%B5%D0%BA%D1%82,,,,,,,,,,,,,,,,,,,,,,,,,,,,,,,,,,,,,,,,,,,,,,,,,,,,,,,,,,,,,,,,,,,,,,,,,,,,,,,,,,,,,,,,,,,,,,,,,,,,,,,,,,,,,,,,,,,,,,,,,,,,,,,,,,,,,,,,,,,,,,,,,,,,,,,,,,,,,,,,,,,,,,,,,,,,,,,,,,,,,,,,,,,,,"'комплекс взаимосвязанных мероприятий, направленных на получение уникальных результатов в условиях временных и ресурсных ограничений
Целенаправленная деятельность временного характера, предназначенная для создания уникального продукта или услуги. Реализации проекта присущи специфические способы организации работ и управления.'","'Постановление Правительства РФ от 07.03.2018 N 237 (ред. от 29.01.2020)
'Об утверждении Правил предоставления средств государственной поддержки из федерального бюджета бюджетам субъектов Российской Федерации для поощрения муниципальных образований - победителей Всероссийского конкурса лучших проектов создания комфортной городской среды''","'Проект'",
http://webprotege.stanford.edu/%D0%A0%D0%B5%D0%B7%D1%83%D0%BB%D1%8C%D1%82%D0%B0%D1%82,Class,http://webprotege.stanford.edu/%D0%9E%D0%B1%D1%8A%D0%B5%D0%BA%D1%82,,,,,,,,,,,,,,,,,,,,,,,,,,,,,,,,,,,,,,,,,,,,,,,,,,,,,,,,,,,,,,,,,,,,,,,,,,,,,,,,,,,,,,,,,,,,,,,,,,,,,,,,,,,,,,,,,,,,,,,,,,,,,,,,,,,,,,,,,,,,,,,,,,,,,,,,,,,,,,,,,,,,,,,,,,,,,,,,,,,,,,,,,,,,,"'Последствия цепочки действий или событий, выраженных качественно или количественно конечного итога, следствия, последствия, завершающего собой какие-нибудь действия, явления.'","'Экологические преступления, посягающие на безопасность водных объектов характеристика и разграничение со смежными деликтами монография А.И. Зверева под редакцией доктора юридических наук, профессора Ю.В. Грачевой'","'Результат'",
http://webprotege.stanford.edu/%D0%A1%D1%83%D0%B1%D1%8A%D0%B5%D0%BA%D1%82,Class,http://www.w3.org/2002/07/owl#Thing,,,,,,,,,,,,,,,,,,,,,,,,,,,,,,,,,,,,,,,,,,,,,,,,,,,,,,,,,,,,,,,,,,,,,,,,,,,,,,,,,,,,,,,,,,,,,,,,,,,,,,,,,,,,,,,,,,,,,,,,,,,,,,,,,,,,,,,,,,,,,,,,,,,,,,,,,,,,,,,,,,,,,,,,,,,,,,,,,,,,,,,,,,,,,,,"'Субъект'",
http://webprotege.stanford.edu/%D0%A1%D1%83%D0%B1%D1%8A%D0%B5%D0%BA%D1%82%D0%9F%D1%80%D0%B0%D0%B2%D0%B0,Class,http://webprotege.stanford.edu/%D0%A1%D1%83%D0%B1%D1%8A%D0%B5%D0%BA%D1%82,,,,,,,,,,,,,,,,,,,,,,,,,,,,,,,,,,,,,,,,,,,,,,,,,,,,,,,,,,,,,,,,,,,,,,,,,,,,,,,,,,,,,,,,,,,,,,,,,,,,,,,,,,,,,,,,,,,,,,,,,,,,,,,,,,,,,,,,,,,,,,,,,,,,,,,,,,,,,,,,,,,,,,,,,,,,,,,,,,,,,,,,,,,,,,,"'СубъектПрава'",
http://webprotege.stanford.edu/%D0%A3%D1%87%D0%B0%D1%81%D1%82%D0%BD%D0%B8%D0%BA%D0%A4%D0%B5%D0%B4%D0%B5%D1%80%D0%B0%D0%BB%D1%8C%D0%BD%D0%BE%D0%B3%D0%BE%D0%9F%D1%80%D0%BE%D0%B5%D0%BA%D1%82,Class,http://webprotege.stanford.edu/%D0%94%D0%BE%D0%BB%D0%B6%D0%BD%D0%BE%D1%81%D1%82%D0%BD%D0%BE%D0%B5%D0%9B%D0%B8%D1%86%D0%BE,,,,,,,,,,,,,,,,,,,,,,,,,,,,,,,,,,,,,,,,,,,,,,,,,,,,,,,,,,,,,,,,,,,,,,,,,,,,,,,,,,,,,,,,,,,,,,,,,,,,,,,,,,,,,,,,,,,,,,,,,,,,,,,,,,,,,,,,,,,,,,,,,,,,,,,,,,,,,,,,,,,,,,,,,,,,,,,,,,,,,,,,,,,,,"'являются ответственные работники федеральных органов исполнительной власти, органов исполнительной власти субъектов Российской Федерации, иных органов и организаций, деятельность которых направлена на достижение целей, показателей, результатов и контрольных точек, выполнение задач и мероприятий в соответствии с паспортом национального проекта или паспортом федерального проекта, указаниями и поручениями руководителя национального проекта или руководителя федерального проекта.'","'Постановление Правительства РФ от 31.10.2018 N 1288 (ред. от 26.03.2020) 'Об организации проектной деятельности в Правительстве Российской Федерации' (вместе с 'Положением об организации проектной деятельности в Правительстве Российской Федерации')
IX. Участники национального проекта, участники
федерального проекта'","'УчастникФедеральногоПроект'",
http://webprotege.stanford.edu/%D0%A4%D0%B5%D0%B4%D0%B5%D1%80%D0%B0%D0%BB%D1%8C%D0%BD%D1%8B%D0%B9%D0%9F%D1%80%D0%BE%D0%B5%D0%BA%D1%82,Class,http://webprotege.stanford.edu/%D0%9F%D1%80%D0%BE%D0%B5%D0%BA%D1%82,,,,,,,,,,"'%D0%94%D0%BE%D0%BB%D0%B6%D0%BD%D0%BE%D1%81%D1%82%D0%BD%D0%BE%D0%B5%D0%9B%D0%B8%D1%86%D0%BE'",,,,,,"'RDvh3DzWebFWRHUP9mE1HfW'",,,,,,,,"'%D0%A6%D0%B5%D0%BB%D1%8C'	'%D0%A3%D1%87%D0%B0%D1%81%D1%82%D0%BD%D0%B8%D0%BA%D0%A4%D0%B5%D0%B4%D0%B5%D1%80%D0%B0%D0%BB%D1%8C%D0%BD%D0%BE%D0%B3%D0%BE%D0%9F%D1%80%D0%BE%D0%B5%D0%BA%D1%82'",,,,,,,,,"'%D0%97%D0%B0%D0%B4%D0%B0%D1%87%D0%B0'",,,,,,,,,,,,,,,,,,,,,,,,,,,,,,,,,,,,,,,,,,,,,,,,,,,,,,,,,,,,,,,,,,,,,,,,,,,,,,,,,,,,,,,,,,,,,,,,,,,,,,,,,,,,,,,,,,,,,,,,,,,,,,,,,,,,,,,,,,,,,,,,,,,,,,,,,,,,"'Проект, обеспечивающий достижение целей, целевых и дополнительных показателей, выполнение задач национального проекта и (или) достижение иных целей и показателей, выполнение иных задач по поручению и (или) указанию Президента Российской Федерации, поручению Председателя Правительства Российской Федерации, Правительства Российской Федерации, решению Совета, президиума Совета, поручению куратора соответствующего национального проекта'","'Положение об организации проектной деятельности в правительстве российской федерации, утверждено постановлением Правительства Российской Федерации от 31 октября 2018 г. N 1288'","'ФедеральныйПроект'",
http://webprotege.stanford.edu/%D0%A4%D0%B8%D0%B7%D0%B8%D1%87%D0%B5%D1%81%D0%BA%D0%BE%D0%B5%D0%9B%D0%B8%D1%86%D0%BE,Class,http://webprotege.stanford.edu/%D0%A1%D1%83%D0%B1%D1%8A%D0%B5%D0%BA%D1%82%D0%9F%D1%80%D0%B0%D0%B2%D0%B0,,"'RgifrQsSsP71FvRodacGFR'	'RBMhmC5OlIN2nlDcXXkqkHt'	'RCgL1fMNBIAXlw8bcdzGcxB'",,"'%D0%93%D0%BE%D1%81%D1%83%D0%B4%D0%B0%D1%80%D1%81%D1%82%D0%B2%D0%BE'",,"'%D0%AE%D1%80%D0%B8%D0%B4%D0%B8%D1%87%D0%B5%D1%81%D0%BA%D0%BE%D0%B5%D0%9B%D0%B8%D1%86%D0%BE'","'R7MFZy3rEWNDVSSdu8zdyMu'","'R9SuoyuwtS7E4X5GAY2fqUW'",,,,"'RF6EWg6B8e5cdZtZX7dA8K'",,"'R9c4FN0fS5d5sRJDbG6t40i'	'R9ArsEdZXOQ5j3YTsPGarrp'",,,,"'%D0%AE%D1%80%D0%B8%D0%B4%D0%B8%D1%87%D0%B5%D1%81%D0%BA%D0%BE%D0%B5%D0%9B%D0%B8%D1%86%D0%BE'",,,,"'RCQVBIqfZ5ewDfXT20OHgSG'	'R7d5LnRHwJnxD7gA8rc6KZS'",,,,,,"'RDfINJChulXB5OnR96rNQKh'",,,,,,,,,,,,,,,,,,,,,,,,,,,,,,,,,,,,,,,,,,,,,,,,,,,,,,,,,,,,,,,,,,,,,,,,,,,,,,,,,,,,,,,,,,,,,,,,,,,,,,,,,,,,,,,,,,,,,,,,,,,,,,,,,,,,,,,,,,,,,,,,,,,,,,,,,,,,,,,,,"'Граждане Российской Федерации, иностранные граждане и лица без гражданства'","'Налоговый кодекс Российской Федерации (часть первая)' от 31.07.1998 N 146-ФЗ (ред. от 27.12.2019) (с изм. и доп., вступ. в силу с 01.01.2020)'","'ФизическоеЛицо'",
http://webprotege.stanford.edu/%D0%A6%D0%B5%D0%BB%D1%8C,Class,http://webprotege.stanford.edu/%D0%9E%D0%B1%D1%8A%D0%B5%D0%BA%D1%82,,,,,,,,,,,,,,,,,,,,,,,,,,,,,,,,,"'%D0%9F%D0%BE%D0%BA%D0%B0%D0%B7%D0%B0%D1%82%D0%B5%D0%BB%D1%8C'",,,,,,,,,,,,,,,,,,,,,,,,,,,,,,,,,,,,,,,,,,,,,,,,,,,,,,,,,,,,,,,,,,,,,,,,,,,,,,,,,,,,,,,,,,,,,,,,,,,,,,,,,,,,,,,,,,,,,,,,,,,,,,,,,,,,,,,,,,,,,,,,,,,,,,,,,,,,"'Желаемое состояние, идеальный мысленно предвосхищаемый результат деятельности, предмет устремления.'","'Понятие и основное содержание целей и задач управленческой деятельности в органах прокуратуры Российской Федерации
М.С. Братановская, доцент кафедры административного и 
финансового права Российского экономического университета им. Г.В. Плеханова, кандидат юридических наук, доцент Журнал 'Гражданин и право', N 2, февраль 2017 г.'","'Цель'",
http://webprotege.stanford.edu/%D0%AE%D1%80%D0%B8%D0%B4%D0%B8%D1%87%D0%B5%D1%81%D0%BA%D0%BE%D0%B5%D0%9B%D0%B8%D1%86%D0%BE,Class,http://webprotege.stanford.edu/%D0%9E%D1%80%D0%B3%D0%B0%D0%BD%D0%B8%D0%B7%D0%B0%D1%86%D0%B8%D1%8F,,"'RBMhmC5OlIN2nlDcXXkqkHt'	'R9z1fMLcsc2EuMkliksdMqv'",,,,,"'R7MFZy3rEWNDVSSdu8zdyMu'",,"'%D0%93%D0%BE%D1%81%D1%83%D0%B4%D0%B0%D1%80%D1%81%D1%82%D0%B2%D0%BE'",,,,,,,,,,,,,,"'R9gdNT1YH0LvIXYoX0eAAM2'",,"'RCo6FeeIzo5Sj30ve2O6GUl'",,,,,,,,,,,,,,,,,,,,,,,,,,,,,,,,,,,,,,,,,,,,,,,,,,,,,,,,,,,,,,,,,,,,,,,,,,,,,,,,,,,,,,,,,,,,,,,,,,,,,,,,,,,,,,,,,,,,,,,,,,,,,,,,,,,,,,,,,,,,,,,,,,,,,,,,,,,,,,,,,,,,"'Юридическим лицом признается организация, которая имеет обособленное имущество и отвечает им по своим обязательствам, может от своего имени приобретать и осуществлять гражданские права и нести гражданские обязанности, быть истцом и ответчиком в суде'","'Гражданский кодекс Российской Федерации (часть первая)' от 30.11.1994 N 51-ФЗ (ред. от 16.12.2019)'","'ЮридическоеЛицо'",


Export of entity selection
